idx,gcp_service_id,gcp_service,gcp_total_cost,month,service_id,service,metamist_total_cost,diff
Artifact Registry Credit|202108|seqr,0,0,0.0,202108,seqr,Artifact Registry Credit,-0.08865799999999999,-0.08865799999999999
Artifact Registry Credit|202109|seqr,0,0,0.0,202109,seqr,Artifact Registry Credit,-9.249935000000002,-9.249935000000002
Artifact Registry Credit|202110|seqr,0,0,0.0,202110,seqr,Artifact Registry Credit,-6.671539,-6.671539
Artifact Registry Credit|202111|seqr,0,0,0.0,202111,seqr,Artifact Registry Credit,-6.483050000000001,-6.483050000000001
Artifact Registry Credit|202112|seqr,0,0,0.0,202112,seqr,Artifact Registry Credit,-6.785582,-6.785582
Artifact Registry|202107|149C-F9EC-3994,149C-F9EC-3994,Artifact Registry,55.72595600000001,202107,149C-F9EC-3994,Artifact Registry,55.446455999999976,-0.2795000000000343
Artifact Registry|202108|149C-F9EC-3994,149C-F9EC-3994,Artifact Registry,66.61620199999997,202108,149C-F9EC-3994,Artifact Registry,66.52754399999998,-0.08865799999999524
Artifact Registry|202108|seqr,0,0,0.0,202108,seqr,Artifact Registry,0.17731600000000003,0.17731600000000003
Artifact Registry|202109|149C-F9EC-3994,149C-F9EC-3994,Artifact Registry,75.27117900000002,202109,149C-F9EC-3994,Artifact Registry,66.02124400000005,-9.249934999999965
Artifact Registry|202109|seqr,0,0,0.0,202109,seqr,Artifact Registry,18.49987,18.49987
Artifact Registry|202110|149C-F9EC-3994,149C-F9EC-3994,Artifact Registry,70.27254900000005,202110,149C-F9EC-3994,Artifact Registry,63.60101000000003,-6.671539000000024
Artifact Registry|202110|seqr,0,0,0.0,202110,seqr,Artifact Registry,13.343077999999998,13.343077999999998
Artifact Registry|202111|149C-F9EC-3994,149C-F9EC-3994,Artifact Registry,49.847867999999956,202111,149C-F9EC-3994,Artifact Registry,43.36481799999999,-6.483049999999963
Artifact Registry|202111|seqr,0,0,0.0,202111,seqr,Artifact Registry,12.9661,12.9661
Artifact Registry|202112|149C-F9EC-3994,149C-F9EC-3994,Artifact Registry,52.554396999999945,202112,149C-F9EC-3994,Artifact Registry,45.76881499999998,-6.7855819999999625
Artifact Registry|202112|seqr,0,0,0.0,202112,seqr,Artifact Registry,13.571163999999996,13.571163999999996
BigQuery Credit|202109|seqr,0,0,0.0,202109,seqr,BigQuery Credit,0.0,0.0
BigQuery|202107|24E6-581D-38E5,24E6-581D-38E5,BigQuery,0.30467000000000005,202107,24E6-581D-38E5,BigQuery,0.26089800000000024,-0.04377199999999981
BigQuery|202108|24E6-581D-38E5,24E6-581D-38E5,BigQuery,0.05142699999999997,202108,24E6-581D-38E5,BigQuery,0.05142699999999997,0.0
BigQuery|202109|24E6-581D-38E5,24E6-581D-38E5,BigQuery,0.0,202109,24E6-581D-38E5,BigQuery,0.0,0.0
BigQuery|202109|seqr,0,0,0.0,202109,seqr,BigQuery,0.0,0.0
BigQuery|202110|24E6-581D-38E5,24E6-581D-38E5,BigQuery,1.1105720000000008,202110,24E6-581D-38E5,BigQuery,1.1105720000000006,-2.220446049250313e-16
BigQuery|202111|24E6-581D-38E5,24E6-581D-38E5,BigQuery,12.41851600000001,202111,24E6-581D-38E5,BigQuery,12.418516,-8.881784197001252e-15
BigQuery|202112|24E6-581D-38E5,24E6-581D-38E5,BigQuery,7.174216000000001,202112,24E6-581D-38E5,BigQuery,7.174215999999998,-3.552713678800501e-15
Cloud Build Credit|202109|seqr,0,0,0.0,202109,seqr,Cloud Build Credit,0.0,0.0
Cloud Build|202107|8B5D-EF7D-EB12,8B5D-EF7D-EB12,Cloud Build,0.0,202107,8B5D-EF7D-EB12,Cloud Build,0.0,0.0
Cloud Build|202108|8B5D-EF7D-EB12,8B5D-EF7D-EB12,Cloud Build,0.0,202108,8B5D-EF7D-EB12,Cloud Build,0.0,0.0
Cloud Build|202109|8B5D-EF7D-EB12,8B5D-EF7D-EB12,Cloud Build,1.480881,202109,8B5D-EF7D-EB12,Cloud Build,1.480881,0.0
Cloud Build|202109|seqr,0,0,0.0,202109,seqr,Cloud Build,0.0,0.0
Cloud Build|202110|8B5D-EF7D-EB12,8B5D-EF7D-EB12,Cloud Build,0.0,202110,8B5D-EF7D-EB12,Cloud Build,0.0,0.0
Cloud Build|202111|8B5D-EF7D-EB12,8B5D-EF7D-EB12,Cloud Build,0.0,202111,8B5D-EF7D-EB12,Cloud Build,0.0,0.0
Cloud Build|202112|8B5D-EF7D-EB12,8B5D-EF7D-EB12,Cloud Build,0.0,202112,8B5D-EF7D-EB12,Cloud Build,0.0,0.0
Cloud DNS|202107|FA26-5236-B8B5,FA26-5236-B8B5,Cloud DNS,0.2652850000000001,202107,FA26-5236-B8B5,Cloud DNS,0.2652850000000001,0.0
Cloud DNS|202108|FA26-5236-B8B5,FA26-5236-B8B5,Cloud DNS,0.273029,202108,FA26-5236-B8B5,Cloud DNS,0.2730290000000001,5.551115123125783e-17
Cloud DNS|202109|FA26-5236-B8B5,FA26-5236-B8B5,Cloud DNS,0.27515599999999996,202109,FA26-5236-B8B5,Cloud DNS,0.27515600000000007,1.1102230246251565e-16
Cloud DNS|202110|FA26-5236-B8B5,FA26-5236-B8B5,Cloud DNS,0.2786719999999998,202110,FA26-5236-B8B5,Cloud DNS,0.27867199999999986,5.551115123125783e-17
Cloud DNS|202111|FA26-5236-B8B5,FA26-5236-B8B5,Cloud DNS,0.2879069999999999,202111,FA26-5236-B8B5,Cloud DNS,0.28790700000000014,2.220446049250313e-16
Cloud DNS|202112|FA26-5236-B8B5,FA26-5236-B8B5,Cloud DNS,0.2986239999999998,202112,FA26-5236-B8B5,Cloud DNS,0.29862399999999995,1.6653345369377348e-16
Cloud Functions|202107|29E7-DA93-CA13,29E7-DA93-CA13,Cloud Functions,1.597534000000001,202107,29E7-DA93-CA13,Cloud Functions,1.597534,-8.881784197001252e-16
Cloud Functions|202108|29E7-DA93-CA13,29E7-DA93-CA13,Cloud Functions,0.05167499999999998,202108,29E7-DA93-CA13,Cloud Functions,0.051675,2.0816681711721685e-17
Cloud Functions|202109|29E7-DA93-CA13,29E7-DA93-CA13,Cloud Functions,0.052317999999999976,202109,29E7-DA93-CA13,Cloud Functions,0.052317999999999996,2.0816681711721685e-17
Cloud Functions|202110|29E7-DA93-CA13,29E7-DA93-CA13,Cloud Functions,0.06044099999999999,202110,29E7-DA93-CA13,Cloud Functions,0.06044099999999999,0.0
Cloud Functions|202111|29E7-DA93-CA13,29E7-DA93-CA13,Cloud Functions,0.052930000000000005,202111,29E7-DA93-CA13,Cloud Functions,0.052930000000000005,0.0
Cloud Functions|202112|29E7-DA93-CA13,29E7-DA93-CA13,Cloud Functions,0.05330700000000001,202112,29E7-DA93-CA13,Cloud Functions,0.05330699999999999,-1.3877787807814457e-17
Cloud Key Management Service (KMS)|202108|EE2F-D110-890C,EE2F-D110-890C,Cloud Key Management Service (KMS),0.056544000000000004,202108,EE2F-D110-890C,Cloud Key Management Service (KMS),0.05654399999999999,-1.3877787807814457e-17
Cloud Key Management Service (KMS)|202109|EE2F-D110-890C,EE2F-D110-890C,Cloud Key Management Service (KMS),0.08093999999999998,202109,EE2F-D110-890C,Cloud Key Management Service (KMS),0.08094000000000001,2.7755575615628914e-17
Cloud Key Management Service (KMS)|202110|EE2F-D110-890C,EE2F-D110-890C,Cloud Key Management Service (KMS),0.07992,202110,EE2F-D110-890C,Cloud Key Management Service (KMS),0.07992,0.0
Cloud Key Management Service (KMS)|202111|EE2F-D110-890C,EE2F-D110-890C,Cloud Key Management Service (KMS),0.14202800000000002,202111,EE2F-D110-890C,Cloud Key Management Service (KMS),0.142028,-2.7755575615628914e-17
Cloud Key Management Service (KMS)|202112|EE2F-D110-890C,EE2F-D110-890C,Cloud Key Management Service (KMS),0.16066600000000003,202112,EE2F-D110-890C,Cloud Key Management Service (KMS),0.16066600000000006,2.7755575615628914e-17
Cloud Logging Credit|202108|seqr,0,0,0.0,202108,seqr,Cloud Logging Credit,0.0,0.0
Cloud Logging Credit|202109|seqr,0,0,0.0,202109,seqr,Cloud Logging Credit,0.0,0.0
Cloud Logging Credit|202110|seqr,0,0,0.0,202110,seqr,Cloud Logging Credit,0.0,0.0
Cloud Logging Credit|202111|seqr,0,0,0.0,202111,seqr,Cloud Logging Credit,0.0,0.0
Cloud Logging Credit|202112|seqr,0,0,0.0,202112,seqr,Cloud Logging Credit,0.0,0.0
Cloud Logging|202107|5490-F7B7-8DF6,5490-F7B7-8DF6,Cloud Logging,88.256163,202107,5490-F7B7-8DF6,Cloud Logging,88.25616299999997,-2.842170943040401e-14
Cloud Logging|202108|5490-F7B7-8DF6,5490-F7B7-8DF6,Cloud Logging,236.03600999999998,202108,5490-F7B7-8DF6,Cloud Logging,236.03601,2.842170943040401e-14
Cloud Logging|202108|seqr,0,0,0.0,202108,seqr,Cloud Logging,0.0,0.0
Cloud Logging|202109|5490-F7B7-8DF6,5490-F7B7-8DF6,Cloud Logging,277.57416000000006,202109,5490-F7B7-8DF6,Cloud Logging,277.57416000000006,0.0
Cloud Logging|202109|seqr,0,0,0.0,202109,seqr,Cloud Logging,0.0,0.0
Cloud Logging|202110|5490-F7B7-8DF6,5490-F7B7-8DF6,Cloud Logging,208.91377400000002,202110,5490-F7B7-8DF6,Cloud Logging,208.91377399999996,-5.684341886080802e-14
Cloud Logging|202110|seqr,0,0,0.0,202110,seqr,Cloud Logging,0.0,0.0
Cloud Logging|202111|5490-F7B7-8DF6,5490-F7B7-8DF6,Cloud Logging,43.95706600000001,202111,5490-F7B7-8DF6,Cloud Logging,43.95706599999999,-2.1316282072803006e-14
Cloud Logging|202111|seqr,0,0,0.0,202111,seqr,Cloud Logging,0.0,0.0
Cloud Logging|202112|5490-F7B7-8DF6,5490-F7B7-8DF6,Cloud Logging,1151.0229329999997,202112,5490-F7B7-8DF6,Cloud Logging,1151.0229329999993,-4.547473508864641e-13
Cloud Logging|202112|seqr,0,0,0.0,202112,seqr,Cloud Logging,0.0,0.0
Cloud Memorystore for Redis Credit|202108|seqr,0,0,0.0,202108,seqr,Cloud Memorystore for Redis Credit,-1.157308,-1.157308
Cloud Memorystore for Redis Credit|202109|seqr,0,0,0.0,202109,seqr,Cloud Memorystore for Redis Credit,-64.171015,-64.171015
Cloud Memorystore for Redis Credit|202110|seqr,0,0,0.0,202110,seqr,Cloud Memorystore for Redis Credit,-66.69969,-66.69969
Cloud Memorystore for Redis Credit|202111|seqr,0,0,0.0,202111,seqr,Cloud Memorystore for Redis Credit,-62.37721600000001,-62.37721600000001
Cloud Memorystore for Redis Credit|202112|seqr,0,0,0.0,202112,seqr,Cloud Memorystore for Redis Credit,-65.56004600000001,-65.56004600000001
Cloud Memorystore for Redis|202107|5AF5-2C11-D467,5AF5-2C11-D467,Cloud Memorystore for Redis,63.735088000000005,202107,5AF5-2C11-D467,Cloud Memorystore for Redis,59.95906799999999,-3.776020000000017
Cloud Memorystore for Redis|202108|5AF5-2C11-D467,5AF5-2C11-D467,Cloud Memorystore for Redis,65.009741,202108,5AF5-2C11-D467,Cloud Memorystore for Redis,63.85243300000002,-1.1573079999999862
Cloud Memorystore for Redis|202108|seqr,0,0,0.0,202108,seqr,Cloud Memorystore for Redis,2.314616000000001,2.314616000000001
Cloud Memorystore for Redis|202109|5AF5-2C11-D467,5AF5-2C11-D467,Cloud Memorystore for Redis,64.171015,0,0,0,0.0,-64.171015
Cloud Memorystore for Redis|202109|seqr,0,0,0.0,202109,seqr,Cloud Memorystore for Redis,128.34203,128.34203
Cloud Memorystore for Redis|202110|5AF5-2C11-D467,5AF5-2C11-D467,Cloud Memorystore for Redis,66.69968999999999,0,0,0,0.0,-66.69968999999999
Cloud Memorystore for Redis|202110|seqr,0,0,0.0,202110,seqr,Cloud Memorystore for Redis,133.39938000000004,133.39938000000004
Cloud Memorystore for Redis|202111|5AF5-2C11-D467,5AF5-2C11-D467,Cloud Memorystore for Redis,62.377216,0,0,0,0.0,-62.377216
Cloud Memorystore for Redis|202111|seqr,0,0,0.0,202111,seqr,Cloud Memorystore for Redis,124.75443199999998,124.75443199999998
Cloud Memorystore for Redis|202112|5AF5-2C11-D467,5AF5-2C11-D467,Cloud Memorystore for Redis,65.56004599999999,0,0,0,0.0,-65.56004599999999
Cloud Memorystore for Redis|202112|seqr,0,0,0.0,202112,seqr,Cloud Memorystore for Redis,131.120092,131.120092
Cloud Pub/Sub|202107|A1E8-BE35-7EBC,A1E8-BE35-7EBC,Cloud Pub/Sub,0.0005620000000000001,202107,A1E8-BE35-7EBC,Cloud Pub/Sub,0.0005620000000000002,1.0842021724855044e-19
Cloud Pub/Sub|202108|A1E8-BE35-7EBC,A1E8-BE35-7EBC,Cloud Pub/Sub,0.000987,202108,A1E8-BE35-7EBC,Cloud Pub/Sub,0.000987,0.0
Cloud Pub/Sub|202109|A1E8-BE35-7EBC,A1E8-BE35-7EBC,Cloud Pub/Sub,0.0008330000000000002,202109,A1E8-BE35-7EBC,Cloud Pub/Sub,0.000833,-2.168404344971009e-19
Cloud Pub/Sub|202110|A1E8-BE35-7EBC,A1E8-BE35-7EBC,Cloud Pub/Sub,0.0015209999999999996,202110,A1E8-BE35-7EBC,Cloud Pub/Sub,0.0015209999999999996,0.0
Cloud Pub/Sub|202111|A1E8-BE35-7EBC,A1E8-BE35-7EBC,Cloud Pub/Sub,0.0018699999999999993,202111,A1E8-BE35-7EBC,Cloud Pub/Sub,0.0018699999999999993,0.0
Cloud Pub/Sub|202112|A1E8-BE35-7EBC,A1E8-BE35-7EBC,Cloud Pub/Sub,0.0025349999999999995,202112,A1E8-BE35-7EBC,Cloud Pub/Sub,0.0025349999999999986,-8.673617379884035e-19
Cloud Run Credit|202109|seqr,0,0,0.0,202109,seqr,Cloud Run Credit,-0.19578700000000002,-0.19578700000000002
Cloud Run Credit|202110|seqr,0,0,0.0,202110,seqr,Cloud Run Credit,-0.21311600000000003,-0.21311600000000003
Cloud Run Credit|202111|seqr,0,0,0.0,202111,seqr,Cloud Run Credit,-0.037975999999999996,-0.037975999999999996
Cloud Run Credit|202112|seqr,0,0,0.0,202112,seqr,Cloud Run Credit,-0.037473,-0.037473
Cloud Run|202107|152E-C115-5142,152E-C115-5142,Cloud Run,2.091854000000002,202107,152E-C115-5142,Cloud Run,2.0918540000000014,-4.440892098500626e-16
Cloud Run|202108|152E-C115-5142,152E-C115-5142,Cloud Run,9.174111,202108,152E-C115-5142,Cloud Run,9.174111,0.0
Cloud Run|202109|152E-C115-5142,152E-C115-5142,Cloud Run,13.495103000000004,202109,152E-C115-5142,Cloud Run,13.299315999999997,-0.19578700000000637
Cloud Run|202109|seqr,0,0,0.0,202109,seqr,Cloud Run,0.39157400000000003,0.39157400000000003
Cloud Run|202110|152E-C115-5142,152E-C115-5142,Cloud Run,20.957077,202110,152E-C115-5142,Cloud Run,20.743960999999995,-0.21311600000000652
Cloud Run|202110|seqr,0,0,0.0,202110,seqr,Cloud Run,0.426232,0.426232
Cloud Run|202111|152E-C115-5142,152E-C115-5142,Cloud Run,13.856738999999994,202111,152E-C115-5142,Cloud Run,13.818762999999999,-0.037975999999995125
Cloud Run|202111|seqr,0,0,0.0,202111,seqr,Cloud Run,0.07595199999999999,0.07595199999999999
Cloud Run|202112|152E-C115-5142,152E-C115-5142,Cloud Run,19.048209,202112,152E-C115-5142,Cloud Run,19.010735999999998,-0.03747300000000209
Cloud Run|202112|seqr,0,0,0.0,202112,seqr,Cloud Run,0.07494599999999998,0.07494599999999998
Cloud SQL Credit|202108|seqr,0,0,0.0,202108,seqr,Cloud SQL Credit,-3.049452999999999,-3.049452999999999
Cloud SQL Credit|202109|seqr,0,0,0.0,202109,seqr,Cloud SQL Credit,-93.43139900000011,-93.43139900000011
Cloud SQL Credit|202110|seqr,0,0,0.0,202110,seqr,Cloud SQL Credit,-97.14008199999996,-97.14008199999996
Cloud SQL Credit|202111|seqr,0,0,0.0,202111,seqr,Cloud SQL Credit,-90.68608400000016,-90.68608400000016
Cloud SQL Credit|202112|seqr,0,0,0.0,202112,seqr,Cloud SQL Credit,-95.35257300000004,-95.35257300000004
Cloud SQL|202107|9662-B51E-5089,9662-B51E-5089,Cloud SQL,696.6790900000008,202107,9662-B51E-5089,Cloud SQL,690.699376000001,-5.979713999999717
Cloud SQL|202108|9662-B51E-5089,9662-B51E-5089,Cloud SQL,398.95882599999914,202108,9662-B51E-5089,Cloud SQL,395.90937299999985,-3.049452999999289
Cloud SQL|202108|seqr,0,0,0.0,202108,seqr,Cloud SQL,6.098906000000008,6.098906000000008
Cloud SQL|202109|9662-B51E-5089,9662-B51E-5089,Cloud SQL,207.2180949999998,202109,9662-B51E-5089,Cloud SQL,113.7866960000003,-93.4313989999995
Cloud SQL|202109|seqr,0,0,0.0,202109,seqr,Cloud SQL,186.86279799999983,186.86279799999983
Cloud SQL|202110|9662-B51E-5089,9662-B51E-5089,Cloud SQL,215.22707800000043,202110,9662-B51E-5089,Cloud SQL,118.08699599999974,-97.14008200000069
Cloud SQL|202110|seqr,0,0,0.0,202110,seqr,Cloud SQL,194.28016399999973,194.28016399999973
Cloud SQL|202111|9662-B51E-5089,9662-B51E-5089,Cloud SQL,201.1341530000001,202111,9662-B51E-5089,Cloud SQL,110.44806900000017,-90.68608399999994
Cloud SQL|202111|seqr,0,0,0.0,202111,seqr,Cloud SQL,181.37216800000033,181.37216800000033
Cloud SQL|202112|9662-B51E-5089,9662-B51E-5089,Cloud SQL,211.22452200000018,202112,9662-B51E-5089,Cloud SQL,115.87194900000009,-95.35257300000009
Cloud SQL|202112|seqr,0,0,0.0,202112,seqr,Cloud SQL,190.70514600000004,190.70514600000004
Cloud Scheduler Credit|202110|seqr,0,0,0.0,202110,seqr,Cloud Scheduler Credit,0.0,0.0
Cloud Scheduler Credit|202111|seqr,0,0,0.0,202111,seqr,Cloud Scheduler Credit,-0.017148,-0.017148
Cloud Scheduler Credit|202112|seqr,0,0,0.0,202112,seqr,Cloud Scheduler Credit,-0.06996800000000002,-0.06996800000000002
Cloud Scheduler|202107|1F14-4801-0E16,1F14-4801-0E16,Cloud Scheduler,0.0,202107,1F14-4801-0E16,Cloud Scheduler,0.0,0.0
Cloud Scheduler|202108|1F14-4801-0E16,1F14-4801-0E16,Cloud Scheduler,0.0,202108,1F14-4801-0E16,Cloud Scheduler,0.0,0.0
Cloud Scheduler|202109|1F14-4801-0E16,1F14-4801-0E16,Cloud Scheduler,0.0,202109,1F14-4801-0E16,Cloud Scheduler,0.0,0.0
Cloud Scheduler|202110|1F14-4801-0E16,1F14-4801-0E16,Cloud Scheduler,0.0,202110,1F14-4801-0E16,Cloud Scheduler,0.0,0.0
Cloud Scheduler|202110|seqr,0,0,0.0,202110,seqr,Cloud Scheduler,0.0,0.0
Cloud Scheduler|202111|1F14-4801-0E16,1F14-4801-0E16,Cloud Scheduler,0.030008,202111,1F14-4801-0E16,Cloud Scheduler,0.01286,-0.017148
Cloud Scheduler|202111|seqr,0,0,0.0,202111,seqr,Cloud Scheduler,0.034296,0.034296
Cloud Scheduler|202112|1F14-4801-0E16,1F14-4801-0E16,Cloud Scheduler,0.13556300000000002,202112,1F14-4801-0E16,Cloud Scheduler,0.06559500000000001,-0.069968
Cloud Scheduler|202112|seqr,0,0,0.0,202112,seqr,Cloud Scheduler,0.13993600000000003,0.13993600000000003
Cloud Storage Credit|202108|seqr,0,0,0.0,202108,seqr,Cloud Storage Credit,-13.159267000000002,-13.159267000000002
Cloud Storage Credit|202109|seqr,0,0,0.0,202109,seqr,Cloud Storage Credit,-93.120271,-93.120271
Cloud Storage Credit|202110|seqr,0,0,0.0,202110,seqr,Cloud Storage Credit,-197.65369900000002,-197.65369900000002
Cloud Storage Credit|202111|seqr,0,0,0.0,202111,seqr,Cloud Storage Credit,-127.47074599999999,-127.47074599999999
Cloud Storage Credit|202112|seqr,0,0,0.0,202112,seqr,Cloud Storage Credit,-74.507122,-74.507122
Cloud Storage|202107|95FF-2EF5-5EA1,95FF-2EF5-5EA1,Cloud Storage,1317.412237,202107,95FF-2EF5-5EA1,Cloud Storage,1310.5822129999992,-6.830024000000776
Cloud Storage|202108|95FF-2EF5-5EA1,95FF-2EF5-5EA1,Cloud Storage,2371.816002999999,202108,95FF-2EF5-5EA1,Cloud Storage,2358.6586019999995,-13.157400999999481
Cloud Storage|202108|seqr,0,0,0.0,202108,seqr,Cloud Storage,26.318534,26.318534
Cloud Storage|202109|95FF-2EF5-5EA1,95FF-2EF5-5EA1,Cloud Storage,6449.718442999999,202109,95FF-2EF5-5EA1,Cloud Storage,6356.600061999999,-93.11838100000023
Cloud Storage|202109|seqr,0,0,0.0,202109,seqr,Cloud Storage,186.240542,186.240542
Cloud Storage|202110|95FF-2EF5-5EA1,95FF-2EF5-5EA1,Cloud Storage,14486.428228,202110,95FF-2EF5-5EA1,Cloud Storage,14288.777448000003,-197.65077999999812
Cloud Storage|202110|seqr,0,0,0.0,202110,seqr,Cloud Storage,395.3073980000001,395.3073980000001
Cloud Storage|202111|95FF-2EF5-5EA1,95FF-2EF5-5EA1,Cloud Storage,19522.935539,202111,95FF-2EF5-5EA1,Cloud Storage,19395.466853,-127.46868599999652
Cloud Storage|202111|seqr,0,0,0.0,202111,seqr,Cloud Storage,254.94149199999998,254.94149199999998
Cloud Storage|202112|95FF-2EF5-5EA1,95FF-2EF5-5EA1,Cloud Storage,25089.525401000006,202112,95FF-2EF5-5EA1,Cloud Storage,25015.020170000003,-74.50523100000282
Cloud Storage|202112|seqr,0,0,0.0,202112,seqr,Cloud Storage,149.01424400000002,149.01424400000002
Compute Engine Credit|202108|seqr,0,0,0.0,202108,seqr,Compute Engine Credit,-3.8294039999999994,-3.8294039999999994
Compute Engine Credit|202109|seqr,0,0,0.0,202109,seqr,Compute Engine Credit,-322.1956270000003,-322.1956270000003
Compute Engine Credit|202110|seqr,0,0,0.0,202110,seqr,Compute Engine Credit,-1181.6530049999994,-1181.6530049999994
Compute Engine Credit|202111|seqr,0,0,0.0,202111,seqr,Compute Engine Credit,-624.2514090000001,-624.2514090000001
Compute Engine Credit|202112|seqr,0,0,0.0,202112,seqr,Compute Engine Credit,-284.6948420000002,-284.6948420000002
Compute Engine|202107|6F81-5844-456A,6F81-5844-456A,Compute Engine,4516.530964999983,202107,6F81-5844-456A,Compute Engine,4500.222540999983,-16.30842399999983
Compute Engine|202108|6F81-5844-456A,6F81-5844-456A,Compute Engine,8054.039991999978,202108,6F81-5844-456A,Compute Engine,8050.210588000005,-3.829403999972783
Compute Engine|202108|seqr,0,0,0.0,202108,seqr,Compute Engine,7.658807999999999,7.658807999999999
Compute Engine|202109|6F81-5844-456A,6F81-5844-456A,Compute Engine,6006.033904999988,202109,6F81-5844-456A,Compute Engine,5683.838277999975,-322.1956270000137
Compute Engine|202109|seqr,0,0,0.0,202109,seqr,Compute Engine,644.3912539999999,644.3912539999999
Compute Engine|202110|6F81-5844-456A,6F81-5844-456A,Compute Engine,8174.589229000004,202110,6F81-5844-456A,Compute Engine,6992.936224000073,-1181.653004999931
Compute Engine|202110|seqr,0,0,0.0,202110,seqr,Compute Engine,2363.30601,2363.30601
Compute Engine|202111|6F81-5844-456A,6F81-5844-456A,Compute Engine,5611.789397000029,202111,6F81-5844-456A,Compute Engine,4987.5379879999755,-624.2514090000532
Compute Engine|202111|seqr,0,0,0.0,202111,seqr,Compute Engine,1248.5028179999983,1248.5028179999983
Compute Engine|202112|6F81-5844-456A,6F81-5844-456A,Compute Engine,9749.202903999978,202112,6F81-5844-456A,Compute Engine,9464.50806200003,-284.69484199994804
Compute Engine|202112|seqr,0,0,0.0,202112,seqr,Compute Engine,569.3896840000007,569.3896840000007
Elastic Cloud (managed Elasticsearch Service) Credit|202108|seqr,0,0,0.0,202108,seqr,Elastic Cloud (managed Elasticsearch Service) Credit,-5.577496,-5.577496
Elastic Cloud (managed Elasticsearch Service) Credit|202109|seqr,0,0,0.0,202109,seqr,Elastic Cloud (managed Elasticsearch Service) Credit,-521.828493,-521.828493
Elastic Cloud (managed Elasticsearch Service) Credit|202110|seqr,0,0,0.0,202110,seqr,Elastic Cloud (managed Elasticsearch Service) Credit,-1125.2660200000003,-1125.2660200000003
Elastic Cloud (managed Elasticsearch Service) Credit|202111|seqr,0,0,0.0,202111,seqr,Elastic Cloud (managed Elasticsearch Service) Credit,-1051.0107449999998,-1051.0107449999998
Elastic Cloud (managed Elasticsearch Service) Credit|202112|seqr,0,0,0.0,202112,seqr,Elastic Cloud (managed Elasticsearch Service) Credit,-1706.3926260000003,-1706.3926260000003
Elastic Cloud (managed Elasticsearch Service)|202107|B6AD-002A-7048,B6AD-002A-7048,Elastic Cloud (managed Elasticsearch Service),247.96733299999997,202107,B6AD-002A-7048,Elastic Cloud (managed Elasticsearch Service),230.51504,-17.45229299999997
Elastic Cloud (managed Elasticsearch Service)|202108|B6AD-002A-7048,B6AD-002A-7048,Elastic Cloud (managed Elasticsearch Service),299.49306,202108,B6AD-002A-7048,Elastic Cloud (managed Elasticsearch Service),293.9155640000001,-5.57749599999994
Elastic Cloud (managed Elasticsearch Service)|202108|seqr,0,0,0.0,202108,seqr,Elastic Cloud (managed Elasticsearch Service),11.154992,11.154992
Elastic Cloud (managed Elasticsearch Service)|202109|B6AD-002A-7048,B6AD-002A-7048,Elastic Cloud (managed Elasticsearch Service),521.8284930000001,0,0,0,0.0,-521.8284930000001
Elastic Cloud (managed Elasticsearch Service)|202109|seqr,0,0,0.0,202109,seqr,Elastic Cloud (managed Elasticsearch Service),1043.656986,1043.656986
Elastic Cloud (managed Elasticsearch Service)|202110|B6AD-002A-7048,B6AD-002A-7048,Elastic Cloud (managed Elasticsearch Service),1125.2660200000003,0,0,0,0.0,-1125.2660200000003
Elastic Cloud (managed Elasticsearch Service)|202110|seqr,0,0,0.0,202110,seqr,Elastic Cloud (managed Elasticsearch Service),2250.532039999999,2250.532039999999
Elastic Cloud (managed Elasticsearch Service)|202111|B6AD-002A-7048,B6AD-002A-7048,Elastic Cloud (managed Elasticsearch Service),1051.010745,0,0,0,0.0,-1051.010745
Elastic Cloud (managed Elasticsearch Service)|202111|seqr,0,0,0.0,202111,seqr,Elastic Cloud (managed Elasticsearch Service),2102.021489999999,2102.021489999999
Elastic Cloud (managed Elasticsearch Service)|202112|B6AD-002A-7048,B6AD-002A-7048,Elastic Cloud (managed Elasticsearch Service),1706.392626,0,0,0,0.0,-1706.392626
Elastic Cloud (managed Elasticsearch Service)|202112|seqr,0,0,0.0,202112,seqr,Elastic Cloud (managed Elasticsearch Service),3412.7852519999988,3412.7852519999988
Google Click to Deploy Deep Learning VM|202107|1394-64A3-F0C6,1394-64A3-F0C6,Google Click to Deploy Deep Learning VM,0.0,202107,1394-64A3-F0C6,Google Click to Deploy Deep Learning VM,0.0,0.0
Google Click to Deploy Deep Learning VM|202108|1394-64A3-F0C6,1394-64A3-F0C6,Google Click to Deploy Deep Learning VM,0.0,202108,1394-64A3-F0C6,Google Click to Deploy Deep Learning VM,0.0,0.0
Google Click to Deploy Deep Learning VM|202109|1394-64A3-F0C6,1394-64A3-F0C6,Google Click to Deploy Deep Learning VM,0.0,202109,1394-64A3-F0C6,Google Click to Deploy Deep Learning VM,0.0,0.0
Google Click to Deploy Deep Learning VM|202110|1394-64A3-F0C6,1394-64A3-F0C6,Google Click to Deploy Deep Learning VM,0.0,202110,1394-64A3-F0C6,Google Click to Deploy Deep Learning VM,0.0,0.0
Google Click to Deploy Deep Learning VM|202111|1394-64A3-F0C6,1394-64A3-F0C6,Google Click to Deploy Deep Learning VM,0.0,202111,1394-64A3-F0C6,Google Click to Deploy Deep Learning VM,0.0,0.0
Google Click to Deploy Deep Learning VM|202112|1394-64A3-F0C6,1394-64A3-F0C6,Google Click to Deploy Deep Learning VM,0.0,202112,1394-64A3-F0C6,Google Click to Deploy Deep Learning VM,0.0,0.0
Hail compute Credit|202107|hail,0,0,0.0,202107,hail,Hail compute Credit,-0.002555421042403692,-0.002555421042403692
Hail compute Credit|202108|hail,0,0,0.0,202108,hail,Hail compute Credit,-68.37977463822388,-68.37977463822388
Hail compute Credit|202109|hail,0,0,0.0,202109,hail,Hail compute Credit,-136.30849694152465,-136.30849694152465
Hail compute Credit|202110|hail,0,0,0.0,202110,hail,Hail compute Credit,-91.47575654129858,-91.47575654129858
Hail compute Credit|202111|hail,0,0,0.0,202111,hail,Hail compute Credit,-54.679430578863006,-54.679430578863006
Hail compute Credit|202112|hail,0,0,0.0,202112,hail,Hail compute Credit,-1588.2081549624477,-1588.2081549624477
Hail compute|202107|hail,0,0,0.0,202107,hail,Hail compute,0.002555421042403692,0.002555421042403692
Hail compute|202108|hail,0,0,0.0,202108,hail,Hail compute,68.37977463822389,68.37977463822389
Hail compute|202109|hail,0,0,0.0,202109,hail,Hail compute,136.30849694152468,136.30849694152468
Hail compute|202110|hail,0,0,0.0,202110,hail,Hail compute,91.47575654129855,91.47575654129855
Hail compute|202111|hail,0,0,0.0,202111,hail,Hail compute,54.679430578863006,54.679430578863006
Hail compute|202112|hail,0,0,0.0,202112,hail,Hail compute,1588.208154962447,1588.208154962447
Invoice Credit|202108|seqr,0,0,0.0,202108,seqr,Invoice Credit,-114.390221,-114.390221
Invoice Credit|202109|seqr,0,0,0.0,202109,seqr,Invoice Credit,-111.596841,-111.596841
Invoice Credit|202110|seqr,0,0,0.0,202110,seqr,Invoice Credit,-268.134815,-268.134815
Invoice Credit|202111|seqr,0,0,0.0,202111,seqr,Invoice Credit,-196.51183400000002,-196.51183400000002
Invoice Credit|202112|seqr,0,0,0.0,202112,seqr,Invoice Credit,-230.373167,-230.373167
Invoice|202107|A656-35D2-EF7F,A656-35D2-EF7F,Invoice,695.7282720000002,202107,A656-35D2-EF7F,Invoice,695.7289300000001,0.0006579999999303254
Invoice|202108|A656-35D2-EF7F,A656-35D2-EF7F,Invoice,1144.16141,202108,A656-35D2-EF7F,Invoice,1029.771375,-114.3900349999999
Invoice|202108|seqr,0,0,0.0,202108,seqr,Invoice,228.780442,228.780442
Invoice|202109|A656-35D2-EF7F,A656-35D2-EF7F,Invoice,1357.637275,202109,A656-35D2-EF7F,Invoice,1246.040623,-111.59665199999995
Invoice|202109|seqr,0,0,0.0,202109,seqr,Invoice,223.193682,223.193682
Invoice|202110|A656-35D2-EF7F,A656-35D2-EF7F,Invoice,2434.533638,202110,A656-35D2-EF7F,Invoice,2166.3991149999997,-268.1345230000002
Invoice|202110|seqr,0,0,0.0,202110,seqr,Invoice,536.26963,536.26963
Invoice|202111|A656-35D2-EF7F,A656-35D2-EF7F,Invoice,2659.413466,202111,A656-35D2-EF7F,Invoice,2462.901838,-196.51162799999975
Invoice|202111|seqr,0,0,0.0,202111,seqr,Invoice,393.02366800000004,393.02366800000004
Invoice|202112|A656-35D2-EF7F,A656-35D2-EF7F,Invoice,3918.7832810000004,202112,A656-35D2-EF7F,Invoice,3688.4103030000006,-230.37297799999988
Invoice|202112|seqr,0,0,0.0,202112,seqr,Invoice,460.746334,460.746334
Kubernetes Engine|202107|CCD8-9BF1-090E,CCD8-9BF1-090E,Kubernetes Engine,98.05429600000004,202107,CCD8-9BF1-090E,Kubernetes Engine,98.05429600000001,-2.842170943040401e-14
Kubernetes Engine|202108|CCD8-9BF1-090E,CCD8-9BF1-090E,Kubernetes Engine,100.01543099999999,202108,CCD8-9BF1-090E,Kubernetes Engine,100.01543099999998,-1.4210854715202004e-14
Kubernetes Engine|202109|CCD8-9BF1-090E,CCD8-9BF1-090E,Kubernetes Engine,98.724801,202109,CCD8-9BF1-090E,Kubernetes Engine,98.72480099999999,-1.4210854715202004e-14
Kubernetes Engine|202110|CCD8-9BF1-090E,CCD8-9BF1-090E,Kubernetes Engine,102.61538999999999,202110,CCD8-9BF1-090E,Kubernetes Engine,102.61539,1.4210854715202004e-14
Kubernetes Engine|202111|CCD8-9BF1-090E,CCD8-9BF1-090E,Kubernetes Engine,95.96529899999997,202111,CCD8-9BF1-090E,Kubernetes Engine,95.965299,2.842170943040401e-14
Kubernetes Engine|202112|CCD8-9BF1-090E,CCD8-9BF1-090E,Kubernetes Engine,100.86200799999999,202112,CCD8-9BF1-090E,Kubernetes Engine,100.862008,1.4210854715202004e-14
Notebooks|202110|D73B-5EEA-8215,D73B-5EEA-8215,Notebooks,13.718285000000005,202110,D73B-5EEA-8215,Notebooks,13.718285,-5.329070518200751e-15
Notebooks|202111|D73B-5EEA-8215,D73B-5EEA-8215,Notebooks,18.576003000000004,202111,D73B-5EEA-8215,Notebooks,18.576003,-3.552713678800501e-15
Notebooks|202112|D73B-5EEA-8215,D73B-5EEA-8215,Notebooks,20.182113000000008,202112,D73B-5EEA-8215,Notebooks,20.182112999999998,-1.0658141036401503e-14
Secret Manager Credit|202108|seqr,0,0,0.0,202108,seqr,Secret Manager Credit,-0.08130700000000003,-0.08130700000000003
Secret Manager Credit|202109|seqr,0,0,0.0,202109,seqr,Secret Manager Credit,-5.118286,-5.118286
Secret Manager Credit|202110|seqr,0,0,0.0,202110,seqr,Secret Manager Credit,-6.7268,-6.7268
Secret Manager Credit|202111|seqr,0,0,0.0,202111,seqr,Secret Manager Credit,-7.557598999999995,-7.557598999999995
Secret Manager Credit|202112|seqr,0,0,0.0,202112,seqr,Secret Manager Credit,-78.33129699999999,-78.33129699999999
Secret Manager|202107|EE82-7A5E-871C,EE82-7A5E-871C,Secret Manager,7.060346999999994,202107,EE82-7A5E-871C,Secret Manager,7.008610999999993,-0.05173600000000089
Secret Manager|202108|EE82-7A5E-871C,EE82-7A5E-871C,Secret Manager,11.406540000000014,202108,EE82-7A5E-871C,Secret Manager,11.325233000000008,-0.08130700000000601
Secret Manager|202108|seqr,0,0,0.0,202108,seqr,Secret Manager,0.16261399999999998,0.16261399999999998
Secret Manager|202109|EE82-7A5E-871C,EE82-7A5E-871C,Secret Manager,30.260011000000002,202109,EE82-7A5E-871C,Secret Manager,25.141725000000047,-5.118285999999955
Secret Manager|202109|seqr,0,0,0.0,202109,seqr,Secret Manager,10.236572000000011,10.236572000000011
Secret Manager|202110|EE82-7A5E-871C,EE82-7A5E-871C,Secret Manager,48.76133799999999,202110,EE82-7A5E-871C,Secret Manager,42.03453799999998,-6.726800000000004
Secret Manager|202110|seqr,0,0,0.0,202110,seqr,Secret Manager,13.453599999999994,13.453599999999994
Secret Manager|202111|EE82-7A5E-871C,EE82-7A5E-871C,Secret Manager,65.62946600000045,202111,EE82-7A5E-871C,Secret Manager,58.07186700000011,-7.557599000000337
Secret Manager|202111|seqr,0,0,0.0,202111,seqr,Secret Manager,15.115197999999992,15.115197999999992
Secret Manager|202112|EE82-7A5E-871C,EE82-7A5E-871C,Secret Manager,1173.2766009999968,202112,EE82-7A5E-871C,Secret Manager,1094.945303999999,-78.3312969999979
Secret Manager|202112|seqr,0,0,0.0,202112,seqr,Secret Manager,156.66259400000015,156.66259400000015
SendGrid|202107|2431-6410-693F,2431-6410-693F,SendGrid,0.0,202107,2431-6410-693F,SendGrid,0.0,0.0
SendGrid|202108|2431-6410-693F,2431-6410-693F,SendGrid,0.0,202108,2431-6410-693F,SendGrid,0.0,0.0
SendGrid|202109|2431-6410-693F,2431-6410-693F,SendGrid,0.0,202109,2431-6410-693F,SendGrid,0.0,0.0
SendGrid|202110|2431-6410-693F,2431-6410-693F,SendGrid,0.0,202110,2431-6410-693F,SendGrid,0.0,0.0
SendGrid|202111|2431-6410-693F,2431-6410-693F,SendGrid,0.0,202111,2431-6410-693F,SendGrid,0.0,0.0
SendGrid|202112|2431-6410-693F,2431-6410-693F,SendGrid,0.0,202112,2431-6410-693F,SendGrid,0.0,0.0
Seqr compute (distributed) Credit|202107|seqr,0,0,0.0,202107,seqr,Seqr compute (distributed) Credit,-411.781582487503,-411.781582487503
Seqr compute (distributed) Credit|202108|seqr,0,0,0.0,202108,seqr,Seqr compute (distributed) Credit,-2187.5588554647643,-2187.5588554647643
Seqr compute (distributed) Credit|202109|seqr,0,0,0.0,202109,seqr,Seqr compute (distributed) Credit,-355.3083832411681,-355.3083832411681
Seqr compute (distributed) Credit|202110|seqr,0,0,0.0,202110,seqr,Seqr compute (distributed) Credit,-1983.6678821034952,-1983.6678821034952
Seqr compute (distributed) Credit|202111|seqr,0,0,0.0,202111,seqr,Seqr compute (distributed) Credit,-2361.9049232789685,-2361.9049232789685
Seqr compute (distributed) Credit|202112|seqr,0,0,0.0,202112,seqr,Seqr compute (distributed) Credit,-32.54772996685164,-32.54772996685164
Seqr compute (distributed)|202109|seqr,0,0,0.0,202109,seqr,Seqr compute (distributed),355.3083832411675,355.3083832411675
Seqr compute (distributed)|202110|seqr,0,0,0.0,202110,seqr,Seqr compute (distributed),1983.6678821034989,1983.6678821034989
Seqr compute (distributed)|202111|seqr,0,0,0.0,202111,seqr,Seqr compute (distributed),2361.9049232789794,2361.9049232789794
Seqr compute (distributed)|202112|seqr,0,0,0.0,202112,seqr,Seqr compute (distributed),32.54772996685165,32.54772996685165
Stackdriver Logging|202107|5490-F7B7-8DF6,5490-F7B7-8DF6,Stackdriver Logging,10.628711,202107,5490-F7B7-8DF6,Stackdriver Logging,10.628711,0.0
Stackdriver Monitoring Credit|202108|seqr,0,0,0.0,202108,seqr,Stackdriver Monitoring Credit,-0.8942939999999999,-0.8942939999999999
Stackdriver Monitoring Credit|202109|seqr,0,0,0.0,202109,seqr,Stackdriver Monitoring Credit,-5.021766999999997,-5.021766999999997
Stackdriver Monitoring Credit|202110|seqr,0,0,0.0,202110,seqr,Stackdriver Monitoring Credit,0.0,0.0
Stackdriver Monitoring Credit|202111|seqr,0,0,0.0,202111,seqr,Stackdriver Monitoring Credit,0.0,0.0
Stackdriver Monitoring Credit|202112|seqr,0,0,0.0,202112,seqr,Stackdriver Monitoring Credit,0.0,0.0
Stackdriver Monitoring|202107|58CD-E7C3-72CA,58CD-E7C3-72CA,Stackdriver Monitoring,1.9220499999999996,202107,58CD-E7C3-72CA,Stackdriver Monitoring,1.9220499999999996,0.0
Stackdriver Monitoring|202108|58CD-E7C3-72CA,58CD-E7C3-72CA,Stackdriver Monitoring,5.346541999999999,202108,58CD-E7C3-72CA,Stackdriver Monitoring,4.452248,-0.8942939999999986
Stackdriver Monitoring|202108|seqr,0,0,0.0,202108,seqr,Stackdriver Monitoring,1.788588,1.788588
Stackdriver Monitoring|202109|58CD-E7C3-72CA,58CD-E7C3-72CA,Stackdriver Monitoring,5.021790999999999,202109,58CD-E7C3-72CA,Stackdriver Monitoring,2.4e-05,-5.021766999999999
Stackdriver Monitoring|202109|seqr,0,0,0.0,202109,seqr,Stackdriver Monitoring,10.043533999999996,10.043533999999996
Stackdriver Monitoring|202110|58CD-E7C3-72CA,58CD-E7C3-72CA,Stackdriver Monitoring,0.0,202110,58CD-E7C3-72CA,Stackdriver Monitoring,0.0,0.0
Stackdriver Monitoring|202110|seqr,0,0,0.0,202110,seqr,Stackdriver Monitoring,0.0,0.0
Stackdriver Monitoring|202111|58CD-E7C3-72CA,58CD-E7C3-72CA,Stackdriver Monitoring,0.0,202111,58CD-E7C3-72CA,Stackdriver Monitoring,0.0,0.0
Stackdriver Monitoring|202111|seqr,0,0,0.0,202111,seqr,Stackdriver Monitoring,0.0,0.0
Stackdriver Monitoring|202112|58CD-E7C3-72CA,58CD-E7C3-72CA,Stackdriver Monitoring,0.0,202112,58CD-E7C3-72CA,Stackdriver Monitoring,0.0,0.0
Stackdriver Monitoring|202112|seqr,0,0,0.0,202112,seqr,Stackdriver Monitoring,0.0,0.0
Support|202107|2062-016F-44A2,2062-016F-44A2,Support,131.79215999999994,202107,2062-016F-44A2,Support,131.7921599999999,-2.842170943040401e-14
Support|202108|2062-016F-44A2,2062-016F-44A2,Support,134.42889599999998,202108,2062-016F-44A2,Support,134.42889599999995,-2.842170943040401e-14
Support|202109|2062-016F-44A2,2062-016F-44A2,Support,137.1168,202109,2062-016F-44A2,Support,137.1168,0.0
Support|202110|2062-016F-44A2,2062-016F-44A2,Support,138.107232,202110,2062-016F-44A2,Support,138.10723200000004,2.842170943040401e-14
Support|202111|2062-016F-44A2,2062-016F-44A2,Support,132.90914,202111,2062-016F-44A2,Support,132.90914,0.0
Support|202112|2062-016F-44A2,2062-016F-44A2,Support,135.5657279999999,202112,2062-016F-44A2,Support,135.5657279999999,0.0
